{"score": 0.1086201304895059, "train_time": "3.75335597992", "max_example": null, "layer_ns": [10], "batch_size": 50, "score_avg": 0.1086201304895059, "step_size": 1, "termination": 0.0001}
{"score": 0.1105001156907139, "train_time": "12.5337371826", "max_example": null, "layer_ns": [10], "batch_size": 50, "score_avg": 0.1105001156907139, "step_size": 10, "termination": 0.0001, "dropout": 0.0}
{"score": 0.098639985678625572, "train_time": "17.4003558159", "max_example": null, "layer_ns": [25, 10], "batch_size": 50, "score_avg": 0.098639985678625572, "step_size": 0.1, "termination": 0.1, "dropout": 0.0}
{"score": 0.098639985678625572, "train_time": "16.8213219643", "max_example": null, "layer_ns": [25, 10], "batch_size": 50, "score_avg": 0.098639985678625572, "step_size": 0.1, "termination": 0.1, "dropout": 0.0}
{"score": 0.10765999728607371, "train_time": "75.5336179733", "max_example": null, "layer_ns": [25, 10], "batch_size": 1, "score_avg": 0.10765999728607371, "step_size": 0.1, "termination": 0.1, "dropout": 0.0}
{"score": 0.10105999608076961, "train_time": "88.1269409657", "max_example": null, "layer_ns": [25, 10], "batch_size": 1, "score_avg": 0.10105999608076961, "step_size": 0.1, "termination": 0.1, "dropout": 0.0}
{"score": 0.10126006768236169, "train_time": "76.226418972", "max_example": null, "layer_ns": [25, 10], "batch_size": 1, "score_avg": 0.10126006768236169, "step_size": 0.1, "termination": 0.1, "dropout": 0.0}
{"score": 0.15968044253659508, "train_time": "149.884149075", "max_example": null, "layer_ns": [25, 10], "batch_size": 1, "score_avg": 0.15968044253659508, "step_size": 0.1, "termination": 0.1, "dropout": 0.0}
{"score": 0.0874192464548645, "train_time": "98.6297910213", "max_example": null, "layer_ns": [25, 10], "batch_size": 1, "score_avg": 0.0874192464548645, "step_size": 0.1, "termination": 0.1, "dropout": 0.0}
{"score": 0.044540266040953035, "train_time": "80.8082101345", "max_example": null, "layer_ns": [25, 10], "batch_size": 1, "score_avg": 0.044540266040953035, "step_size": 0.1, "termination": 0.1, "dropout": 0.0}
